{
  "domContentLoaded": 35.69999999925494,
  "loadComplete": 281.1000000014901,
  "firstPaint": 404,
  "firstContentfulPaint": 404
}